"Stock","Country","Gear Type","1950","S_1950","1951","S_1951","1952","S_1952","1953","S_1953","1954","S_1954","1955","S_1955","1956","S_1956","1957","S_1957","1958","S_1958","1959","S_1959","1960","S_1960","1961","S_1961","1962","S_1962","1963","S_1963","1964","S_1964","1965","S_1965","1966","S_1966","1967","S_1967","1968","S_1968","1969","S_1969","1970","S_1970","1971","S_1971","1972","S_1972","1973","S_1973","1974","S_1974","1975","S_1975","1976","S_1976","1977","S_1977","1978","S_1978","1979","S_1979","1980","S_1980","1981","S_1981","1982","S_1982","1983","S_1983","1984","S_1984","1985","S_1985","1986","S_1986","1987","S_1987","1988","S_1988","1989","S_1989","1990","S_1990","1991","S_1991","1992","S_1992","1993","S_1993","1994","S_1994","1995","S_1995","1996","S_1996","1997","S_1997","1998","S_1998","1999","S_1999","2000","S_2000","2001","S_2001","2002","S_2002","2003","S_2003","2004","S_2004","2005","S_2005","2006","S_2006","2007","S_2007","2008","S_2008","2009","S_2009","2010","S_2010"
"Principal tunas Atlantic","-","Longline","0","-","0","-","0","-","0","-","0","-","0","-","0","-","0","-","0","-","0","-","0","-","0","-","0","-","0","-","100","","920","","1450","","4500","","4351","","4142","","3109","","4149","","2741","","4147","","5872","","5508","","6554","","6092","","2559","","2555","","2765","","1895","","751","","1188","","2371","","2071","","3379","","5353","","7234","","9211","","10606","","15318","","11773","","7431","","14032","","15837","","18248","","23993","","34112","","32046","","20648","","11402","","706","","578","","0","-","0","-","0","-","0","-","0","-","0","-","0","-"
"Principal tunas Atlantic","-","Other gears","0","-","0","-","0","-","0","-","0","-","0","-","0","-","0","-","0","-","0","-","0","-","0","-","0","-","0","-","0","-","0","-","0","-","0","-","0","-","0","-","138","","161","","0","-","286","","407","","359","","3633","","6674","","620","","1558","","3561","","2208","","2468","","660","","6","","3","","13","","0","-","5","","6","","74","","4","","0","-","0","-","773","","211","","0","-","101","","1094","","2037","","109","","571","","508","","610","","709","","0","-","0","-","0","-","0","-","0","-","0","-"
"Principal tunas Atlantic","-","Pole and line","0","-","0","-","0","-","0","-","0","-","0","-","0","-","0","-","0","-","0","-","0","-","0","-","0","-","0","-","0","-","0","-","0","-","0","-","0","-","0","-","0","-","0","-","0","-","0","-","0","-","0","-","0","-","0","-","0","-","0","-","0","-","0","-","0","-","0","-","0","-","0","-","0","-","0","-","0","-","0","-","615","","0","-","694","","588","","561","","603","","496","","1037","","1374","","3021","","3520","","3840","","3581","","3085","","2361","","152","","0","-","0","-","0","-","0","-","0","-"
"Principal tunas Atlantic","-","Purse seine","0","-","0","-","0","-","0","-","0","-","0","-","0","-","0","-","0","-","0","-","0","-","0","-","0","-","0","-","0","-","0","-","0","-","0","-","0","-","0","-","0","-","0","-","0","-","0","-","0","-","0","-","89","","0","-","2640","","142","","25","","3101","","9581","","14802","","5712","","5897","","4524","","10130","","16069","","18633","","37617","","31598","","40571","","52239","","42567","","37264","","38582","","20823","","21466","","24013","","23383","","26607","","19252","","20866","","21153","","10749","","7735","","4183","","3982","","3809","","4696",""
"Principal tunas Atlantic","Africa","Longline","0","-","0","-","0","-","0","-","0","-","0","-","0","-","0","-","0","-","0","-","0","-","0","-","0","-","1091","","1130","","9","","92","","0","-","0","-","0","-","0","-","0","-","0","-","26","","0","-","0","-","0","-","0","-","0","-","115","","691","","724","","131","","760","","439","","52","","204","","0","-","74","","10","","173","","164","","680","","852","","2139","","1265","","1056","","1340","","1439","","1891","","3320","","3614","","2245","","2042","","1592","","3699","","7655","","3659","","3534","","4024","","3636",""
"Principal tunas Atlantic","Africa","Other gears","7565","","7610","","7290","","10618","","7317","","10499","","4715","","7396","","9284","","6675","","4939","","2980","","6934","","2740","","3586","","3348","","2767","","2630","","1981","","2380","","1268","","1296","","1158","","966","","1926","","1182","","1247","","1642","","2167","","2765","","2204","","6757","","5551","","6760","","4615","","2801","","5333","","5669","","6318","","6757","","5977","","5748","","5094","","4560","","6697","","4405","","4364","","4483","","6465","","5837","","9140","","8230","","6313","","7469","","6863","","6733","","8113","","9218","","8314","","8926","","7757",""
"Principal tunas Atlantic","Africa","Pole and line","0","-","0","-","0","-","0","-","0","-","0","-","3772","","2302","","2062","","1364","","2876","","3426","","3838","","4413","","4588","","6403","","5558","","3782","","6096","","2328","","3983","","3877","","4176","","4287","","7318","","4679","","6546","","13094","","10739","","15287","","15582","","15323","","29120","","31611","","29192","","36661","","37142","","43571","","45010","","41096","","48286","","44120","","38322","","45003","","45760","","42158","","36430","","47309","","57378","","59091","","42536","","70665","","37146","","35473","","51604","","48044","","41244","","30478","","51267","","47895","","29431",""
"Principal tunas Atlantic","Africa","Purse seine","0","-","0","-","0","-","0","-","0","-","0","-","0","-","0","-","2539","","0","-","2286","","2994","","1628","","1419","","2059","","906","","1778","","2048","","453","","678","","406","","72","","589","","709","","910","","3989","","2891","","4946","","5998","","5638","","10928","","14949","","18505","","11274","","9851","","10577","","9338","","4461","","186","","140","","1500","","1538","","2253","","3388","","3508","","7477","","12231","","21979","","27612","","41312","","24699","","35743","","41322","","31630","","22927","","60796","","43344","","55204","","38521","","46243","","67911",""
"Principal tunas Atlantic","Africa","Troll line","0","-","0","-","0","-","0","-","0","-","0","-","0","-","0","-","0","-","0","-","0","-","0","-","0","-","0","-","0","-","0","-","0","-","0","-","0","-","0","-","0","-","0","-","0","-","0","-","0","-","0","-","0","-","0","-","0","-","0","-","0","-","0","-","0","-","0","-","0","-","0","-","0","-","0","-","0","-","11","","133","","20","","26","","0","-","0","-","0","-","0","-","0","-","0","-","0","-","3","","0","-","0","-","0","-","0","-","0","-","0","-","0","-","2","","70","","41",""
"Principal tunas Atlantic","Americas","Longline","0","-","0","-","7","","1","","0","-","5","","0","-","704","","2830","","9594","","8711","","8159","","6244","","9495","","6840","","5744","","5871","","9830","","9081","","6982","","9436","","8130","","9702","","22093","","13193","","10743","","13988","","13102","","14147","","10767","","17674","","13743","","14858","","16059","","20693","","20524","","26765","","23025","","22489","","16339","","18398","","19314","","24158","","22863","","22780","","22436","","18444","","13330","","11959","","14542","","22590","","27029","","17467","","15248","","15877","","14366","","16634","","15667","","13401","","14377","","14191",""
"Principal tunas Atlantic","Americas","Other gears","1006","","1154","","809","","1083","","775","","539","","398","","802","","1480","","506","","415","","644","","980","","1910","","1611","","1971","","4899","","2432","","1824","","1901","","1880","","2102","","2168","","1666","","4144","","1841","","2462","","3667","","2893","","4604","","2316","","3598","","3290","","5756","","6446","","8290","","10140","","7613","","5654","","6119","","4654","","6998","","6829","","7833","","13827","","16353","","8337","","8095","","7457","","7885","","7585","","10485","","6690","","8630","","9022","","6466","","8722","","8615","","3611","","5661","","5616",""
"Principal tunas Atlantic","Americas","Pole and line","0","-","0","-","1229","","1281","","1370","","1396","","1503","","1955","","1450","","1830","","3263","","2995","","1249","","668","","671","","981","","951","","1155","","1607","","1255","","1800","","1600","","2639","","1784","","4298","","5292","","6479","","7565","","5333","","6181","","11508","","20186","","28601","","26359","","21789","","34860","","27822","","24340","","27014","","28194","","27053","","29683","","27227","","26389","","30191","","23266","","28314","","31147","","30644","","30235","","33412","","31366","","25262","","26807","","29398","","30219","","26604","","26152","","21836","","24218","","14482",""
"Principal tunas Atlantic","Americas","Purse seine","1","","100","","0","-","0","-","55","","0","-","0","-","0","-","138","","781","","277","","903","","4231","","8978","","9675","","3454","","1692","","5050","","11538","","25988","","26040","","26192","","27072","","28284","","27960","","24888","","7239","","15435","","22039","","8281","","14603","","16849","","23765","","37134","","37255","","33317","","16744","","12773","","9631","","15128","","10684","","36639","","36473","","53560","","53033","","39094","","40519","","38831","","33813","","29396","","32253","","41252","","23596","","26772","","33716","","35224","","47913","","48170","","46392","","45707","","51397",""
"Principal tunas Atlantic","Americas","Troll line","0","-","0","-","0","-","0","-","0","-","0","-","0","-","0","-","0","-","0","-","0","-","0","-","0","-","0","-","0","-","0","-","0","-","0","-","0","-","0","-","0","-","0","-","0","-","276","","41","","0","-","0","-","0","-","0","-","0","-","5","","6","","19","","45","","79","","45","","282","","462","","267","","180","","351","","248","","134","","151","","273","","319","","301","","256","","187","","0","-","0","-","0","-","71","","460","","532","","584","","455","","355","","409","","239","","588",""
"Principal tunas Atlantic","Asia","Longline","0","-","0","-","0","-","0","-","0","-","0","-","645","","14578","","29638","","49419","","64373","","63507","","83849","","90217","","105258","","118480","","78817","","53069","","73274","","90954","","86782","","102476","","99506","","93182","","92539","","89362","","79800","","84174","","73984","","68697","","75028","","79429","","98616","","62863","","69692","","92546","","87669","","69085","","73994","","81219","","83316","","82669","","85352","","87430","","105766","","94581","","98816","","82285","","80034","","86806","","88591","","76348","","75307","","87439","","82670","","64023","","57038","","73281","","62951","","59837","","60794",""
"Principal tunas Atlantic","Asia","Other gears","0","-","0","-","0","-","0","-","0","-","0","-","0","-","800","","400","","500","","300","","300","","200","","100","","0","-","100","","100","","1488","","310","","393","","138","","22","","68","","66","","34","","17","","181","","177","","127","","27","","391","","565","","825","","557","","869","","0","-","0","-","0","-","0","-","0","-","2292","","25","","22","","14","","0","-","1","","14","","0","-","0","-","0","-","6","","0","-","12","","12","","13","","88","","56","","17","","216","","634","","402",""
"Principal tunas Atlantic","Asia","Pole and line","0","-","0","-","0","-","0","-","0","-","0","-","0","-","0","-","0","-","0","-","0","-","0","-","2732","","5491","","5246","","7722","","4835","","5419","","10141","","6182","","8507","","14205","","14574","","23481","","34214","","13177","","23978","","25820","","26703","","32441","","22760","","24776","","13775","","7274","","1531","","250","","0","-","0","-","0","-","0","-","0","-","0","-","0","-","0","-","0","-","0","-","0","-","0","-","0","-","0","-","0","-","0","-","0","-","0","-","0","-","0","-","0","-","0","-","0","-","0","-","0","-"
"Principal tunas Atlantic","Asia","Purse seine","0","-","0","-","0","-","0","-","0","-","0","-","0","-","0","-","0","-","0","-","0","-","0","-","0","-","0","-","487","","2936","","6260","","7477","","14131","","6646","","4929","","8703","","6521","","3107","","1893","","288","","0","-","0","-","0","-","0","-","0","-","0","-","2250","","2733","","2906","","5267","","4713","","6143","","7164","","6161","","6534","","9566","","6626","","3084","","3466","","4219","","4616","","5093","","5899","","1200","","1070","","2100","","2300","","3300","","1896","","2165","","879","","2094","","1391","","767","","444",""
"Principal tunas Atlantic","Europe","Longline","0","-","0","-","0","-","0","-","0","-","0","-","0","-","0","-","0","-","0","-","0","-","19","","0","-","800","","363","","434","","541","","341","","657","","485","","276","","214","","124","","274","","213","","1658","","1830","","1691","","268","","223","","124","","245","","956","","489","","494","","629","","514","","417","","936","","1049","","1432","","1806","","1632","","1556","","2912","","4088","","4215","","4160","","1923","","3718","","5894","","5197","","6839","","6676","","4472","","4642","","6420","","8269","","6665","","5461","","4807",""
"Principal tunas Atlantic","Europe","Other gears","12782","","11147","","12742","","15474","","13115","","14472","","14095","","16201","","13396","","10892","","10441","","10495","","8707","","5997","","6805","","7502","","3720","","6477","","4006","","4703","","3360","","2403","","2080","","1622","","1367","","1872","","1877","","2049","","1767","","2940","","1433","","1828","","3090","","3608","","6867","","8382","","7513","","8266","","12279","","12277","","9336","","10226","","13154","","13857","","13995","","12266","","12433","","14462","","13088","","20184","","15922","","13573","","11320","","10219","","7190","","11728","","9557","","7809","","6570","","7880","","4862",""
"Principal tunas Atlantic","Europe","Pole and line","4377","","6089","","6385","","11168","","15332","","13773","","14162","","30434","","32924","","32660","","34983","","37363","","43369","","56408","","50373","","55233","","44943","","52748","","46670","","46334","","42776","","50318","","38973","","37824","","51422","","43489","","39177","","40446","","41617","","36863","","37160","","35727","","38381","","39968","","39946","","48859","","47123","","54039","","54165","","49414","","52267","","47192","","48296","","47445","","50029","","56251","","51464","","44270","","42100","","36782","","28742","","24590","","27487","","31587","","36832","","39667","","46140","","36491","","30655","","27485","","36703",""
"Principal tunas Atlantic","Europe","Purse seine","2857","","7259","","15753","","11281","","13391","","14295","","5932","","7058","","4465","","3629","","4440","","9025","","9149","","3370","","10392","","11541","","17796","","21494","","33699","","34890","","42789","","58573","","77967","","76754","","114164","","110502","","132962","","154007","","151223","","134011","","155381","","183238","","185457","","170848","","126578","","132258","","143838","","138122","","140960","","144995","","183972","","216162","","180251","","205376","","192339","","170795","","156520","","130199","","127876","","130378","","127424","","124820","","119804","","133410","","114732","","85240","","72877","","66238","","83654","","102629","","104156",""
"Principal tunas Atlantic","Europe","Troll line","39623","","34149","","32397","","26242","","32729","","28299","","35398","","30028","","33945","","30796","","33072","","20907","","30943","","24625","","28058","","25544","","22791","","30669","","23993","","17923","","15706","","24029","","26517","","18723","","20958","","9556","","13922","","17400","","24243","","23426","","13585","","11140","","13080","","14156","","11751","","11389","","12062","","11762","","12071","","11262","","10967","","9207","","7674","","6708","","6399","","11038","","7141","","8446","","6192","","7059","","5358","","4565","","4242","","5421","","7660","","10501","","10424","","6115","","5237","","4440","","7016",""
"Principal tunas Atlantic","Oceania","Longline","0","-","0","-","0","-","0","-","0","-","0","-","0","-","0","-","0","-","0","-","0","-","0","-","0","-","0","-","0","-","0","-","0","-","0","-","0","-","0","-","0","-","0","-","0","-","0","-","0","-","0","-","0","-","0","-","0","-","0","-","0","-","0","-","0","-","0","-","0","-","0","-","0","-","0","-","0","-","0","-","0","-","0","-","0","-","0","-","0","-","0","-","0","-","0","-","0","-","0","-","0","-","0","-","0","-","0","-","1199","","2013","","2493","","1361","","1564","","1386","","1076",""
"Principal tunas Indian Ocean","-","Longline","0","-","0","-","0","-","0","-","0","-","0","-","0","-","0","-","0","-","0","-","0","-","0","-","0","-","0","-","0","-","0","-","0","-","0","-","0","-","0","-","0","-","0","-","0","-","0","-","0","-","0","-","0","-","0","-","0","-","0","-","0","-","0","-","0","-","0","-","0","-","203","","3016","","2845","","12725","","39064","","53957","","53376","","61396","","79406","","79470","","57383","","60944","","54996","","57395","","53609","","46791","","19930","","22716","","17513","","22966","","23794","","20736","","16269","","20101","","17728","","12204",""
"Principal tunas Indian Ocean","-","Purse seine","0","-","0","-","0","-","0","-","0","-","0","-","0","-","0","-","0","-","0","-","0","-","0","-","0","-","53","","241","","23","","0","-","0","-","0","-","0","-","0","-","0","-","0","-","0","-","0","-","0","-","0","-","0","-","0","-","0","-","0","-","0","-","0","-","1323","","17922","","20070","","18886","","19039","","22909","","18874","","32189","","33471","","35709","","51939","","61477","","79677","","66464","","75035","","74738","","99941","","107873","","79343","","64825","","89910","","49524","","29495","","12724","","5103","","7331","","6068","","0","-"
"Principal tunas Indian Ocean","Africa","Longline","0","-","0","-","0","-","0","-","0","-","0","-","0","-","0","-","0","-","0","-","0","-","0","-","0","-","0","-","0","-","0","-","0","-","0","-","0","-","0","-","0","-","0","-","0","-","0","-","0","-","0","-","0","-","0","-","17","","0","-","263","","386","","462","","809","","246","","244","","425","","179","","246","","184","","66","","127","","209","","44","","81","","33","","110","","159","","188","","456","","1424","","2469","","4568","","7251","","11439","","15465","","8192","","9012","","6521","","5895","","6231",""
"Principal tunas Indian Ocean","Africa","Other gears","200","","200","","100","","100","","100","","200","","200","","100","","100","","100","","100","","100","","100","","100","","100","","100","","150","","150","","200","","200","","1521","","1400","","1815","","1500","","1867","","1855","","2226","","2624","","1931","","1795","","1871","","2760","","2879","","2206","","2029","","2236","","2148","","1976","","2112","","3583","","3804","","3571","","1763","","1670","","2088","","1947","","1967","","2000","","1897","","1920","","2366","","2380","","2355","","2518","","2429","","2306","","2367","","2185","","2780","","2858","","2761",""
"Principal tunas Indian Ocean","Africa","Pole and line","0","-","0","-","0","-","0","-","0","-","0","-","0","-","0","-","0","-","0","-","0","-","0","-","0","-","0","-","0","-","0","-","0","-","0","-","0","-","0","-","0","-","0","-","0","-","5500","","11600","","1800","","0","-","0","-","0","-","0","-","0","-","0","-","0","-","0","-","0","-","0","-","0","-","0","-","0","-","0","-","0","-","0","-","0","-","0","-","0","-","0","-","0","-","0","-","0","-","0","-","0","-","0","-","0","-","0","-","0","-","0","-","0","-","0","-","0","-","0","-","0","-"
"Principal tunas Indian Ocean","Africa","Purse seine","0","-","0","-","0","-","0","-","0","-","0","-","0","-","0","-","0","-","0","-","0","-","0","-","0","-","0","-","0","-","0","-","0","-","0","-","0","-","0","-","0","-","0","-","0","-","0","-","0","-","0","-","0","-","0","-","0","-","41","","1002","","1726","","2500","","2737","","3975","","3687","","2854","","6551","","6930","","8577","","6257","","12388","","9752","","9935","","7548","","5996","","2748","","12829","","23030","","31872","","25454","","42001","","50241","","73683","","83211","","87329","","79111","","49806","","56215","","68319","","75774",""
"Principal tunas Indian Ocean","Africa","Troll line","163","","173","","182","","193","","205","","215","","226","","237","","243","","258","","275","","286","","298","","309","","323","","335","","348","","435","","492","","541","","683","","794","","865","","981","","1085","","906","","883","","969","","994","","958","","1033","","1075","","1127","","1172","","1313","","1359","","1451","","1572","","1514","","5547","","5623","","5760","","7042","","7165","","8337","","8155","","8111","","8279","","8514","","7660","","8268","","7805","","8475","","8884","","9408","","9202","","9300","","9502","","12012","","12169","","12169",""
"Principal tunas Indian Ocean","Americas","Longline","0","-","0","-","0","-","0","-","0","-","0","-","0","-","0","-","0","-","0","-","0","-","0","-","0","-","0","-","0","-","0","-","0","-","0","-","0","-","0","-","0","-","0","-","0","-","0","-","0","-","0","-","0","-","0","-","0","-","0","-","0","-","0","-","0","-","0","-","0","-","0","-","0","-","0","-","0","-","0","-","0","-","0","-","0","-","0","-","0","-","0","-","0","-","0","-","0","-","0","-","0","-","4507","","2639","","1109","","1043","","1002","","904","","1151","","505","","228","","186",""
"Principal tunas Indian Ocean","Americas","Purse seine","0","-","0","-","0","-","0","-","0","-","0","-","0","-","0","-","0","-","0","-","0","-","0","-","0","-","0","-","0","-","0","-","0","-","0","-","0","-","0","-","0","-","0","-","0","-","0","-","0","-","0","-","0","-","0","-","0","-","0","-","0","-","0","-","0","-","0","-","0","-","0","-","0","-","0","-","0","-","0","-","0","-","0","-","0","-","0","-","0","-","0","-","0","-","0","-","0","-","0","-","0","-","3664","","20460","","0","-","0","-","0","-","0","-","0","-","0","-","0","-","0","-"
"Principal tunas Indian Ocean","Asia","Longline","0","-","0","-","4043","","9538","","31699","","58374","","79620","","50691","","43616","","46284","","66905","","67526","","85561","","53079","","62453","","59493","","84886","","80541","","131591","","101749","","68049","","64967","","59688","","58210","","77205","","70371","","63402","","89685","","102066","","77435","","69539","","71775","","99686","","96991","","79583","","83152","","101602","","110069","","112001","","91325","","100456","","103373","","150271","","217358","","151342","","141071","","182113","","191031","","198445","","193052","","175633","","191197","","199410","","189173","","225785","","234063","","187686","","187928","","140141","","121264","","110064",""
"Principal tunas Indian Ocean","Asia","Other gears","3846","","4442","","4340","","4479","","4789","","4948","","5253","","7695","","6448","","6406","","7717","","8637","","11852","","15500","","17308","","17146","","20786","","22286","","23096","","23629","","19861","","16153","","22609","","24421","","27474","","27126","","36702","","34492","","35744","","34914","","37737","","40730","","42957","","36457","","36577","","43569","","58548","","64572","","79753","","89455","","103371","","88521","","101273","","108431","","140347","","138618","","150140","","164560","","158910","","201181","","196272","","196630","","201108","","242886","","290777","","261555","","305372","","290794","","286971","","294989","","290702",""
"Principal tunas Indian Ocean","Asia","Pole and line","9942","","10042","","10052","","11054","","11086","","11586","","11596","","12588","","12587","","12588","","10586","","10403","","9821","","10234","","10143","","15616","","18860","","21162","","19931","","22337","","30779","","30468","","20897","","27960","","29365","","22206","","25980","","21257","","20527","","25590","","29233","","28577","","24638","","32025","","46531","","54794","","57799","","57985","","71873","","71668","","73707","","74462","","75110","","78264","","91362","","92744","","89273","","91334","","104990","","117907","","99431","","109905","","142739","","134933","","131269","","157574","","165747","","123009","","117896","","95278","","82511",""
"Principal tunas Indian Ocean","Asia","Purse seine","0","-","0","-","0","-","0","-","0","-","0","-","0","-","0","-","0","-","0","-","0","-","0","-","0","-","0","-","0","-","0","-","0","-","0","-","0","-","0","-","0","-","0","-","0","-","0","-","0","-","0","-","0","-","166","","1138","","1260","","1280","","976","","1904","","2235","","2704","","2291","","2783","","3344","","5625","","8063","","17588","","25421","","49668","","51483","","37075","","33373","","21933","","21489","","22050","","21276","","18915","","18537","","23167","","21012","","24190","","34992","","49963","","32879","","34145","","34560","","24021",""
"Principal tunas Indian Ocean","Asia","Troll line","509","","2865","","3110","","3155","","3891","","3891","","4128","","3947","","3946","","3953","","3907","","4195","","5204","","5321","","5416","","5705","","6600","","6716","","6719","","6973","","6984","","6552","","7873","","9229","","10461","","14553","","16682","","19254","","20970","","18116","","19781","","21340","","26173","","24875","","24959","","25148","","25246","","25037","","30147","","31738","","24570","","26924","","24557","","33259","","34676","","33765","","35572","","35460","","32040","","30816","","31057","","29029","","22702","","20078","","32163","","18905","","17948","","17580","","22259","","19929","","20331",""
"Principal tunas Indian Ocean","Europe","Longline","0","-","0","-","0","-","0","-","0","-","0","-","0","-","0","-","0","-","0","-","0","-","0","-","0","-","0","-","0","-","0","-","0","-","0","-","0","-","0","-","0","-","0","-","0","-","0","-","0","-","0","-","0","-","0","-","0","-","0","-","0","-","0","-","0","-","0","-","0","-","0","-","0","-","0","-","0","-","0","-","0","-","40","","101","","200","","276","","242","","599","","593","","1123","","1091","","1262","","1345","","1119","","1287","","1626","","2936","","2723","","2979","","1932","","2068","","1819",""
"Principal tunas Indian Ocean","Europe","Other gears","0","-","0","-","0","-","0","-","0","-","0","-","0","-","0","-","0","-","0","-","0","-","0","-","0","-","0","-","0","-","0","-","0","-","0","-","0","-","0","-","0","-","0","-","0","-","0","-","0","-","0","-","0","-","0","-","0","-","0","-","0","-","0","-","0","-","0","-","0","-","0","-","0","-","0","-","0","-","0","-","0","-","0","-","0","-","424","","509","","443","","565","","539","","392","","708","","850","","852","","930","","467","","609","","573","","453","","317","","293","","227","","190",""
"Principal tunas Indian Ocean","Europe","Pole and line","0","-","0","-","0","-","0","-","0","-","0","-","0","-","0","-","0","-","0","-","0","-","0","-","0","-","0","-","0","-","0","-","0","-","0","-","0","-","0","-","0","-","0","-","0","-","0","-","0","-","0","-","0","-","0","-","0","-","0","-","0","-","542","","69","","0","-","0","-","0","-","0","-","0","-","0","-","0","-","0","-","0","-","0","-","0","-","0","-","0","-","0","-","0","-","0","-","0","-","0","-","0","-","0","-","0","-","0","-","0","-","0","-","0","-","0","-","0","-","0","-"
"Principal tunas Indian Ocean","Europe","Purse seine","0","-","0","-","0","-","0","-","0","-","0","-","0","-","0","-","0","-","0","-","0","-","0","-","0","-","0","-","0","-","0","-","0","-","0","-","0","-","0","-","0","-","0","-","0","-","0","-","0","-","0","-","0","-","0","-","0","-","0","-","0","-","372","","2063","","20089","","85389","","112351","","127576","","148660","","193836","","195916","","175563","","176723","","185183","","198443","","212341","","243441","","220841","","211683","","168294","","224560","","225087","","208195","","255878","","284193","","261297","","289126","","301691","","191408","","208964","","182540","","195937",""
"Principal tunas Indian Ocean","Europe","Troll line","100","","100","","100","","100","","100","","100","","100","","100","","100","","100","","100","","100","","100","","100","","100","","100","","100","","200","","300","","300","","400","","500","","500","","400","","482","","359","","384","","323","","446","","394","","329","","309","","241","","231","","221","","182","","191","","215","","264","","250","","250","","309","","401","","0","-","0","-","0","-","0","-","0","-","0","-","95","","176","","207","","352","","514","","763","","652","","676","","676","","676","","676","","676",""
"Principal tunas Indian Ocean","Oceania","Longline","0","-","0","-","0","-","0","-","0","-","0","-","0","-","0","-","0","-","0","-","0","-","0","-","0","-","0","-","0","-","0","-","0","-","0","-","0","-","0","-","0","-","0","-","0","-","0","-","0","-","0","-","0","-","0","-","0","-","0","-","0","-","0","-","0","-","0","-","0","-","0","-","0","-","0","-","0","-","254","","66","","84","","181","","655","","899","","353","","132","","384","","487","","978","","896","","1073","","842","","506","","270","","74","","107","","110","","38","","388","","341",""
"Principal tunas Indian Ocean","Oceania","Other gears","0","-","0","-","0","-","0","-","0","-","0","-","0","-","0","-","0","-","0","-","0","-","0","-","0","-","48","","34","","5","","9","","2","","4","","35","","3","","36","","85","","47","","133","","523","","406","","28","","64","","86","","74","","0","-","0","-","0","-","0","-","0","-","0","-","0","-","0","-","394","","137","","86","","5891","","3118","","50","","21","","129","","300","","32","","11","","3","","4","","5","","4","","2","","3","","2","","0","-","0","-","1","","0","-"
"Principal tunas Indian Ocean","Oceania","Pole and line","0","-","0","-","0","-","0","-","0","-","0","-","0","-","0","-","0","-","0","-","0","-","0","-","0","-","0","-","0","-","0","-","0","-","0","-","0","-","0","-","0","-","0","-","0","-","0","-","0","-","0","-","0","-","0","-","0","-","0","-","0","-","0","-","427","","77","","35","","10","","54","","192","","38","","6","","57","","0","-","22","","8","","68","","468","","212","","892","","1913","","4982","","2993","","0","-","0","-","0","-","0","-","0","-","0","-","0","-","0","-","0","-","0","-"
"Principal tunas Indian Ocean","Oceania","Purse seine","0","-","0","-","0","-","0","-","0","-","0","-","0","-","0","-","0","-","0","-","0","-","0","-","0","-","0","-","0","-","0","-","0","-","0","-","0","-","0","-","0","-","0","-","0","-","0","-","0","-","0","-","0","-","0","-","0","-","0","-","0","-","63","","310","","54","","65","","175","","626","","1072","","56","","0","-","583","","761","","319","","31","","1151","","0","-","0","-","12","","0","-","0","-","0","-","1038","","1144","","0","-","30","","0","-","446","","90","","892","","855","","0","-"
"Principal tunas Indian Ocean","Oceania","Troll line","0","-","0","-","0","-","0","-","0","-","0","-","0","-","0","-","0","-","0","-","0","-","0","-","0","-","0","-","0","-","0","-","0","-","0","-","0","-","0","-","0","-","0","-","0","-","0","-","0","-","0","-","0","-","0","-","0","-","0","-","0","-","0","-","0","-","0","-","0","-","0","-","0","-","0","-","0","-","16","","11","","35","","0","-","1","","2","","0","-","0","-","0","-","0","-","0","-","7","","20","","7","","6","","5","","6","","1","","0","-","0","-","0","-","0","-"
"Principal tunas Pacific","-","Longline","0","-","0","-","0","-","0","-","0","-","0","-","0","-","0","-","0","-","0","-","0","-","0","-","0","-","0","-","0","-","0","-","0","-","0","-","0","-","0","-","0","-","0","-","0","-","0","-","0","-","0","-","0","-","0","-","0","-","0","-","0","-","0","-","0","-","0","-","0","-","0","-","0","-","0","-","0","-","0","-","0","-","0","-","0","-","2","","0","-","0","-","1735","","2824","","5879","","6333","","3654","","1471","","700","","2400","","2400","","2400","","2400","","2400","","2456","","2400","","2403",""
"Principal tunas Pacific","-","Other gears","23572","","15802","","12391","","8145","","18404","","63912","","80287","","73936","","67994","","0","-","0","-","0","-","0","-","0","-","0","-","0","-","0","-","0","-","0","-","0","-","0","-","0","-","0","-","0","-","0","-","0","-","0","-","0","-","0","-","0","-","0","-","0","-","0","-","0","-","0","-","0","-","0","-","0","-","0","-","0","-","0","-","0","-","0","-","0","-","79","","41","","0","-","36","","192","","16","","118","","137","","125","","1833","","167","","79","","208","","75","","3","","0","-","0","-"
"Principal tunas Pacific","-","Pole and line","115455","","111116","","98832","","94732","","107762","","50811","","58828","","58402","","46776","","0","-","0","-","471","","861","","645","","710","","657","","12042","","581","","822","","1823","","475","","0","-","15","","0","-","0","-","322","","424","","1","","736","","1178","","447","","0","-","0","-","0","-","38","","54","","29","","0","-","0","-","0","-","0","-","0","-","0","-","187","","63","","326","","0","-","374","","0","-","270","","125","","0","-","0","-","0","-","0","-","0","-","0","-","21","","1052","","2238","","1874",""
"Principal tunas Pacific","-","Purse seine","21597","","16169","","25861","","26542","","25039","","19221","","25247","","19902","","34644","","21293","","5224","","20105","","20121","","12434","","29456","","10104","","21055","","15180","","16918","","14125","","16379","","26462","","30668","","39001","","41348","","34970","","52669","","79638","","90615","","113720","","128630","","158782","","251964","","440934","","457086","","408849","","487202","","564575","","619656","","673652","","780020","","1000008","","976440","","860748","","996293","","963544","","929287","","1025499","","1308566","","1157143","","1241103","","1232252","","1372195","","1389083","","1482655","","1636927","","1708464","","1853364","","1929371","","1992430","","1858038",""
"Principal tunas Pacific","-","Troll line","0","-","0","-","0","-","0","-","0","-","0","-","0","-","0","-","0","-","0","-","0","-","0","-","0","-","0","-","0","-","0","-","0","-","0","-","0","-","0","-","0","-","0","-","0","-","0","-","0","-","0","-","0","-","0","-","0","-","0","-","0","-","0","-","0","-","0","-","0","-","0","-","0","-","0","-","0","-","0","-","0","-","0","-","0","-","0","-","158","","137","","505","","404","","286","","261","","490","","127","","127","","127","","127","","127","","127","","127","","127","","127","","127",""
"Principal tunas Pacific","Africa","Longline","0","-","0","-","0","-","0","-","0","-","0","-","0","-","0","-","0","-","0","-","0","-","0","-","0","-","0","-","0","-","0","-","0","-","0","-","0","-","0","-","0","-","0","-","0","-","0","-","0","-","0","-","0","-","0","-","0","-","0","-","0","-","0","-","0","-","0","-","0","-","0","-","0","-","0","-","0","-","0","-","0","-","0","-","0","-","0","-","0","-","0","-","0","-","0","-","0","-","0","-","0","-","0","-","0","-","0","-","0","-","6","","15","","6","","0","-","0","-","0","-"
"Principal tunas Pacific","Africa","Purse seine","0","-","0","-","0","-","0","-","0","-","0","-","0","-","0","-","0","-","0","-","0","-","0","-","0","-","0","-","0","-","0","-","0","-","0","-","0","-","0","-","0","-","0","-","0","-","0","-","0","-","0","-","5426","","0","-","0","-","0","-","0","-","0","-","0","-","0","-","0","-","0","-","0","-","0","-","0","-","0","-","0","-","0","-","0","-","0","-","0","-","0","-","0","-","0","-","0","-","0","-","0","-","0","-","0","-","0","-","0","-","0","-","0","-","0","-","0","-","0","-","0","-"
"Principal tunas Pacific","Americas","Longline","1111","","1245","","1435","","1479","","1452","","1364","","1148","","860","","841","","809","","708","","626","","669","","549","","516","","501","","513","","446","","367","","439","","475","","415","","394","","293","","324","","285","","328","","438","","415","","282","","575","","774","","1175","","885","","872","","913","","1019","","1487","","2390","","2724","","2810","","2885","","2453","","3535","","3554","","5120","","4679","","6934","","7578","","7220","","7752","","22901","","20034","","15882","","15847","","14777","","15280","","15040","","13741","","12221","","11930",""
"Principal tunas Pacific","Americas","Other gears","0","-","0","-","1377","","267","","169","","763","","1258","","450","","68","","1654","","1469","","2727","","3016","","4088","","5114","","1981","","2847","","7200","","14113","","13991","","12835","","10372","","2867","","1416","","2088","","2011","","2121","","3662","","3212","","1774","","3251","","1982","","970","","1798","","2883","","1999","","903","","594","","1642","","1786","","3513","","3309","","3420","","6105","","3668","","6126","","4053","","2375","","4910","","9660","","4596","","3129","","4426","","7620","","4315","","6221","","2270","","2500","","1991","","1978","","2130",""
"Principal tunas Pacific","Americas","Pole and line","0","-","0","-","0","-","0","-","0","-","0","-","0","-","0","-","0","-","88382","","51080","","46702","","29255","","26135","","17163","","26852","","11168","","27365","","15854","","15347","","15689","","19152","","16505","","15555","","20617","","22542","","16952","","10892","","10215","","13215","","8528","","10039","","7271","","10230","","8459","","4416","","5917","","9086","","10450","","8486","","4179","","5616","","6525","","9502","","7325","","6862","","7177","","8260","","7231","","4420","","3045","","4953","","2253","","1789","","2833","","3608","","1441","","1486","","1648","","3309","","513",""
"Principal tunas Pacific","Americas","Purse seine","5835","","6577","","4152","","8866","","19074","","12346","","11454","","18430","","27868","","55362","","105329","","136534","","136440","","154335","","147861","","141535","","146973","","183082","","160696","","169449","","196766","","215166","","216746","","243871","","261560","","305792","","347845","","255427","","308750","","286330","","272788","","289265","","222604","","142258","","205918","","269210","","314629","","294526","","340441","","347435","","301979","","249107","","267092","","258456","","250605","","315375","","354811","","380850","","363701","","468891","","437469","","458818","","520025","","574373","","445371","","528363","","465045","","367019","","465933","","442143","","426385",""
"Principal tunas Pacific","Americas","Troll line","32746","","15629","","23914","","15745","","12246","","13264","","18768","","21173","","14929","","21202","","20105","","12059","","19753","","25145","","18391","","16557","","15377","","17975","","21462","","20192","","21422","","22272","","27521","","17053","","21509","","19043","","16183","","10022","","16636","","7302","","7789","","12870","","6831","","9786","","9705","","6683","","5097","","3937","","8611","","6183","","7232","","7277","","8333","","8135","","15728","","13588","","24378","","20023","","21998","","16036","","18567","","20099","","18441","","23101","","23077","","14492","","19714","","19156","","17220","","17465","","17873",""
"Principal tunas Pacific","Asia","Longline","46751","","31845","","70017","","76337","","72899","","76460","","80443","","123643","","142070","","136631","","167201","","203062","","203361","","232228","","180821","","162399","","203122","","189460","","182070","","196467","","192707","","189474","","225336","","233532","","198225","","223625","","270439","","311704","","297511","","282713","","309512","","254092","","244099","","244253","","218154","","255040","","291869","","299972","","285336","","250518","","313243","","289893","","295032","","280945","","307799","","272247","","242197","","263184","","263844","","224008","","251586","","278306","","294506","","275594","","253866","","227287","","210286","","197364","","200645","","230734","","225733",""
"Principal tunas Pacific","Asia","Other gears","15402","","17997","","23997","","24470","","28450","","28831","","29980","","28309","","30475","","31157","","33596","","37845","","37785","","39886","","44693","","44954","","48383","","54911","","55602","","60085","","71636","","70797","","88513","","106268","","116365","","114914","","108817","","139633","","135893","","131655","","105267","","126270","","126080","","127592","","128494","","147106","","156237","","137971","","156460","","178458","","213834","","192578","","155272","","123728","","145935","","150773","","159967","","148337","","169536","","173909","","175890","","163206","","171981","","172198","","145205","","147086","","149777","","155548","","158016","","161770","","160308",""
"Principal tunas Pacific","Asia","Pole and line","47694","","112343","","127198","","109147","","125554","","127584","","147619","","150320","","163087","","166104","","99601","","151371","","166888","","126320","","167052","","174273","","239657","","203059","","179881","","350507","","399727","","369508","","221010","","294174","","312786","","250196","","328947","","305562","","329134","","282575","","329541","","274038","","282125","","302688","","380410","","255088","","325952","","269866","","286318","","284325","","224443","","270410","","255597","","283815","","243557","","257928","","223758","","248811","","257619","","280814","","257829","","201699","","206085","","209575","","195700","","208551","","183822","","193591","","175906","","164061","","171110",""
"Principal tunas Pacific","Asia","Purse seine","0","-","0","-","2299","","2373","","5602","","3264","","4170","","2905","","1195","","1575","","2032","","2717","","2598","","2856","","1603","","2132","","1372","","2692","","3325","","2708","","2096","","3312","","3008","","3704","","6180","","2592","","4105","","2926","","3661","","4683","","2850","","2381","","2259","","1344","","5623","","4176","","4816","","3513","","2302","","3712","","3147","","9874","","8580","","5222","","4020","","17432","","3936","","9940","","5292","","12779","","14227","","7997","","10316","","8879","","12192","","13133","","8033","","12341","","12242","","11210","","5739",""
"Principal tunas Pacific","Asia","Troll line","0","-","0","-","667","","1472","","1656","","1507","","1763","","2392","","1497","","736","","1885","","3193","","1683","","2542","","2784","","1963","","1614","","3273","","1568","","2219","","1198","","1492","","842","","2108","","1656","","1031","","830","","2166","","4517","","2655","","1531","","1777","","864","","2028","","1874","","1850","","1467","","880","","1124","","903","","1250","","2069","","915","","546","","4111","","18915","","12172","","15248","","13974","","11578","","22742","","13716","","12240","","14935","","20133","","12271","","7991","","8574","","9375","","8753","","8179",""
"Principal tunas Pacific","Europe","Longline","0","-","0","-","0","-","0","-","0","-","0","-","0","-","0","-","0","-","0","-","0","-","0","-","0","-","0","-","0","-","0","-","0","-","0","-","0","-","0","-","0","-","0","-","0","-","0","-","0","-","0","-","0","-","0","-","0","-","0","-","0","-","0","-","0","-","0","-","0","-","0","-","0","-","0","-","0","-","0","-","0","-","0","-","0","-","0","-","0","-","0","-","0","-","0","-","0","-","0","-","0","-","0","-","0","-","58","","70","","18","","791","","791","","87","","54","","227",""
"Principal tunas Pacific","Europe","Purse seine","0","-","0","-","0","-","0","-","0","-","0","-","0","-","0","-","0","-","0","-","0","-","0","-","0","-","0","-","0","-","0","-","0","-","0","-","0","-","0","-","0","-","1568","","4399","","10279","","10251","","15721","","12251","","9333","","11791","","18573","","13418","","10098","","2584","","0","-","0","-","0","-","0","-","0","-","0","-","0","-","0","-","0","-","0","-","0","-","0","-","0","-","0","-","0","-","31208","","54948","","39870","","39352","","32644","","35453","","25126","","25002","","30341","","6221","","9098","","16521","","4968",""
"Principal tunas Pacific","Oceania","Longline","0","-","0","-","0","-","0","-","0","-","0","-","0","-","0","-","0","-","0","-","0","-","0","-","0","-","0","-","0","-","0","-","0","-","0","-","0","-","0","-","0","-","0","-","0","-","111","","0","-","0","-","177","","241","","252","","600","","687","","173","","543","","726","","657","","732","","633","","2795","","2491","","3236","","3426","","3717","","4427","","6166","","9112","","11818","","16288","","22699","","29506","","28576","","39061","","47114","","53201","","53338","","59457","","49317","","57879","","54160","","47224","","53241","","65246",""
"Principal tunas Pacific","Oceania","Other gears","0","-","0","-","0","-","0","-","0","-","0","-","0","-","0","-","0","-","0","-","0","-","0","-","0","-","0","-","0","-","0","-","0","-","0","-","0","-","0","-","0","-","0","-","0","-","0","-","1","","1","","0","-","0","-","15","","16","","1863","","1843","","1820","","1820","","1822","","1822","","1829","","1830","","1829","","1834","","2203","","2084","","2002","","2020","","2085","","2192","","2278","","2238","","2586","","4553","","10639","","1820","","5622","","2905","","3304","","2977","","4809","","14769","","14942","","15815","","15854",""
"Principal tunas Pacific","Oceania","Pole and line","0","-","0","-","0","-","0","-","0","-","0","-","0","-","0","-","0","-","0","-","0","-","0","-","0","-","0","-","1166","","2670","","2686","","3406","","5056","","4762","","10610","","23928","","22654","","37179","","58882","","30843","","54719","","41930","","79440","","60524","","65710","","68392","","27948","","34659","","41099","","38981","","42808","","28046","","37595","","32889","","25979","","43843","","26388","","23314","","27153","","38861","","26553","","24186","","25048","","20866","","3889","","5340","","10652","","11526","","8039","","4632","","8167","","4940","","2453","","934","","570",""
"Principal tunas Pacific","Oceania","Purse seine","0","-","0","-","0","-","0","-","0","-","0","-","0","-","0","-","0","-","0","-","0","-","0","-","0","-","0","-","0","-","0","-","0","-","0","-","0","-","0","-","0","-","0","-","0","-","0","-","0","-","0","-","0","-","0","-","0","-","0","-","0","-","0","-","0","-","0","-","0","-","0","-","0","-","0","-","0","-","0","-","36210","","40577","","42118","","37692","","44099","","48202","","33796","","41765","","33372","","43081","","31867","","22886","","14415","","26946","","13597","","0","-","0","-","0","-","0","-","0","-","0","-"
"Principal tunas Pacific","Oceania","Troll line","0","-","0","-","0","-","0","-","0","-","0","-","0","-","0","-","0","-","0","-","0","-","0","-","0","-","0","-","0","-","0","-","0","-","5","","14","","0","-","50","","0","-","268","","484","","898","","646","","25","","621","","1686","","814","","1468","","2085","","2434","","747","","2773","","3256","","1925","","1283","","427","","4504","","2892","","2711","","3445","","3225","","4741","","5625","","5395","","2886","","4590","","1922","","3581","","2930","","3197","","4138","","3688","","3064","","2277","","1919","","3385","","1847","","1870",""
"Tuna Southern Oceans","-","Longline","0","-","0","-","0","-","0","-","0","-","0","-","0","-","0","-","0","-","0","-","0","-","0","-","0","-","0","-","0","-","0","-","0","-","0","-","0","-","0","-","0","-","0","-","0","-","0","-","0","-","0","-","0","-","0","-","0","-","4","","7","","14","","9","","7","","3","","2","","3","","7","","2","","103","","4","","97","","73","","15","","54","","497","","585","","333","","471","","403","","31","","45","","219","","54","","15","","1","","2","","0","-","0","-","0","-","0","-"
"Tuna Southern Oceans","-","Other gears","0","-","0","-","0","-","0","-","0","-","0","-","0","-","0","-","0","-","0","-","0","-","0","-","0","-","0","-","0","-","0","-","0","-","0","-","0","-","0","-","0","-","0","-","0","-","0","-","0","-","0","-","0","-","0","-","0","-","0","-","0","-","0","-","0","-","0","-","0","-","0","-","0","-","0","-","0","-","0","-","0","-","0","-","0","-","0","-","0","-","0","-","0","-","0","-","0","-","0","-","0","-","0","-","0","-","0","-","0","-","1","","0","-","0","-","14","","0","-","0","-"
"Tuna Southern Oceans","-","Pole and line","0","-","0","-","0","-","0","-","0","-","0","-","0","-","0","-","0","-","0","-","0","-","0","-","0","-","0","-","0","-","0","-","0","-","0","-","0","-","0","-","0","-","0","-","0","-","0","-","0","-","0","-","0","-","0","-","0","-","0","-","0","-","0","-","0","-","0","-","0","-","0","-","0","-","0","-","0","-","0","-","0","-","0","-","0","-","0","-","0","-","0","-","0","-","0","-","0","-","0","-","0","-","0","-","1","","0","-","0","-","0","-","1","","0","-","0","-","0","-","0","-"
"Tuna Southern Oceans","-","Troll line","0","-","0","-","0","-","0","-","0","-","0","-","0","-","0","-","0","-","0","-","0","-","0","-","0","-","0","-","0","-","0","-","0","-","0","-","0","-","0","-","0","-","0","-","0","-","0","-","0","-","0","-","0","-","0","-","0","-","0","-","0","-","0","-","0","-","0","-","0","-","0","-","0","-","0","-","0","-","0","-","0","-","0","-","0","-","0","-","0","-","0","-","0","-","0","-","0","-","0","-","0","-","0","-","0","-","2","","4","","3","","2","","2","","0","-","0","-","1",""
"Tuna Southern Oceans","Africa","Longline","0","-","0","-","0","-","0","-","0","-","0","-","0","-","0","-","0","-","0","-","0","-","145","","724","","398","","197","","2","","4","","5","","0","-","0","-","0","-","0","-","0","-","0","-","0","-","0","-","0","-","0","-","0","-","0","-","0","-","0","-","0","-","0","-","0","-","0","-","0","-","0","-","0","-","0","-","0","-","0","-","0","-","0","-","0","-","0","-","0","-","0","-","1","","1","","4","","1","","18","","15","","19","","24","","9","","41","","45","","32","","34",""
"Tuna Southern Oceans","Asia","Longline","0","-","0","-","565","","3890","","2447","","1964","","9603","","22908","","12462","","61892","","75826","","77927","","40397","","59724","","42838","","40689","","39644","","59281","","49657","","49849","","41059","","38179","","39528","","31315","","34105","","24149","","34126","","29609","","23718","","27886","","33722","","28074","","20962","","25035","","23583","","20573","","15622","","14601","","12224","","10866","","8445","","8835","","8613","","8738","","8124","","8492","","10793","","10094","","12071","","13113","","9803","","10774","","9858","","7785","","7988","","10613","","5851","","5325","","5970","","5385","","4812",""
"Tuna Southern Oceans","Asia","Other gears","0","-","0","-","0","-","0","-","0","-","0","-","0","-","0","-","0","-","0","-","0","-","0","-","0","-","0","-","0","-","0","-","0","-","0","-","0","-","0","-","0","-","0","-","0","-","0","-","0","-","0","-","0","-","0","-","0","-","0","-","0","-","0","-","11","","12","","0","-","67","","81","","87","","234","","319","","305","","107","","3","","0","-","0","-","0","-","0","-","0","-","0","-","0","-","0","-","0","-","0","-","0","-","0","-","0","-","0","-","0","-","0","-","0","-","0","-"
"Tuna Southern Oceans","Europe","Longline","0","-","0","-","0","-","0","-","0","-","0","-","0","-","0","-","0","-","0","-","0","-","0","-","0","-","0","-","0","-","0","-","0","-","0","-","0","-","0","-","0","-","0","-","0","-","0","-","0","-","0","-","0","-","0","-","0","-","0","-","0","-","0","-","0","-","0","-","0","-","0","-","0","-","0","-","0","-","0","-","0","-","0","-","0","-","0","-","0","-","0","-","0","-","0","-","0","-","0","-","0","-","0","-","0","-","3","","23","","0","-","3","","18","","14","","2","","11",""
"Tuna Southern Oceans","Oceania","Longline","0","-","0","-","0","-","0","-","0","-","0","-","0","-","0","-","0","-","0","-","0","-","0","-","0","-","0","-","0","-","0","-","0","-","0","-","0","-","0","-","0","-","0","-","0","-","0","-","0","-","0","-","0","-","0","-","0","-","0","-","0","-","0","-","0","-","0","-","0","-","0","-","0","-","1","","1","","982","","519","","1760","","3780","","4016","","2859","","2284","","476","","773","","996","","661","","504","","444","","478","","424","","619","","296","","242","","381","","342","","625","","661",""
"Tuna Southern Oceans","Oceania","Other gears","0","-","0","-","0","-","0","-","0","-","0","-","0","-","0","-","0","-","0","-","0","-","0","-","0","-","0","-","0","-","0","-","0","-","0","-","0","-","0","-","0","-","0","-","0","-","0","-","0","-","0","-","0","-","0","-","0","-","0","-","130","","173","","305","","132","","93","","94","","82","","59","","94","","109","","263","","35","","48","","20","","4","","17","","8","","5","","2","","2","","0","-","0","-","0","-","0","-","1","","0","-","2","","4","","0","-","0","-","0","-"
"Tuna Southern Oceans","Oceania","Pole and line","0","-","0","-","0","-","0","-","0","-","0","-","0","-","0","-","0","-","0","-","0","-","0","-","0","-","0","-","0","-","0","-","0","-","0","-","0","-","0","-","0","-","0","-","0","-","0","-","0","-","0","-","5228","","11019","","8613","","8686","","9159","","10091","","14670","","11823","","8967","","7410","","6155","","5409","","7770","","3807","","1803","","1823","","1673","","1018","","844","","795","","1659","","1843","","640","","22","","0","-","0","-","0","-","0","-","0","-","0","-","0","-","0","-","0","-","2","","0","-"
"Tuna Southern Oceans","Oceania","Purse seine","0","-","0","-","0","-","0","-","0","-","0","-","0","-","0","-","0","-","0","-","0","-","0","-","0","-","0","-","0","-","0","-","0","-","0","-","0","-","0","-","0","-","0","-","0","-","0","-","0","-","8833","","3155","","1550","","3577","","2097","","2036","","6752","","6831","","5872","","4444","","5179","","6376","","5411","","2820","","1626","","2511","","1034","","22","","536","","1269","","1840","","3121","","2998","","3584","","5325","","5132","","4767","","4683","","5792","","4834","","5210","","5629","","4809","","5010","","4893","","4039",""
"Tuna Southern Oceans","Oceania","Surface fisheries unclassified","0","-","0","-","264","","509","","424","","322","","964","","1264","","2322","","2486","","3545","","3678","","4636","","6199","","6832","","6876","","8008","","6357","","8737","","8679","","7097","","6969","","12397","","9890","","12672","","0","-","0","-","0","-","0","-","0","-","0","-","0","-","0","-","0","-","0","-","0","-","0","-","0","-","0","-","0","-","0","-","0","-","0","-","0","-","0","-","0","-","0","-","0","-","0","-","0","-","0","-","0","-","0","-","0","-","0","-","0","-","0","-","0","-","0","-","0","-","0","-"
"Tuna Southern Oceans","Oceania","Troll line","0","-","0","-","0","-","0","-","0","-","0","-","0","-","0","-","0","-","0","-","0","-","0","-","0","-","0","-","0","-","0","-","0","-","0","-","0","-","0","-","0","-","0","-","0","-","0","-","0","-","0","-","0","-","0","-","0","-","0","-","0","-","0","-","0","-","0","-","0","-","0","-","0","-","0","-","0","-","31","","21","","1","","4","","0","-","0","-","9","","3","","31","","13","","3","","1","","0","-","1","","0","-","1","","3","","0","-","1","","0","-","7","","0","-"
